{
  "project_info": {
    "project_number": "153344621208",
    "project_id": "elitecalculator-d057f",
    "storage_bucket": "elitecalculator-d057f.appspot.com"
  },
  "client": [
    {
      "client_info": {
        "mobilesdk_app_id": "1:153344621208:android:3eec45db7390ca6de1aeed",
        "android_client_info": {
          "package_name": "com.example.powerfelcalculator"
        }
      },
      "oauth_client": [],
      "api_key": [
        {
          "current_key": "AIzaSyBX8I_1rrv_4CnfDNqV3PW1mj-sD20cgJ8"
        }
      ],
      "services": {
        "appinvite_service": {
          "other_platform_oauth_client": []
        }
      }
    }
  ],
  "configuration_version": "1"
}